,LambdaSAEHD_liae_gan_128_128_64_64,LambdaSAEHD_liae_gan_128_128_64_64_syn,LambdaSAEHD_th_liae_ud_3_416_288_168_120,LambdaSAEHD_th_liae_ud_3_416_288_168_120_syn
bs32_fp32_dfl,13.754373899672018,16.505245783951807,,
bs32_fp32_dfl_amp,12.444434567909072,16.505245783951807,,
bs8_fp32_dfl,,,0.7824349735658735,0.8558950096299106
bs8_fp32_dfl_amp,,,0.8769572982198438,0.9355606359043829
