,LambdaSAEHD_liae_128_128_64_64,LambdaSAEHD_liae_gan_128_128_64_64,LambdaSAEHD_liae_ud_128_128_64_64,LambdaSAEHD_liae_ud_gan_128_128_64_64,LambdaSAEHD_th_liae_ud_3_416_288_168_120
1xTeslaV100-SXM3-32GB_bs128_fp32_amp,80.41015332031625,,125.43974912050174,75.56617401665781,
1xTeslaV100-SXM3-32GB_bs64_fp32_amp,80.41005023064042,51.40975178729215,136.34723327289882,66.72326229093129,
1xTeslaV100-SXM3-32GB_bs64_fp32,52.26657955570074,30.745067896992257,108.13755814635122,44.79993600009143,
1xTeslaV100-SXM3-32GB_bs96_fp32_amp,,54.697610816731604,,,
1xTeslaV100-SXM3-32GB_bs32_fp32,,,86.85652245341105,,
1xTeslaV100-SXM3-32GB_bs16_fp32_amp,,,,,3.29411626297636
1xTeslaV100-SXM3-32GB_bs8_fp32_amp,,,,,2.6133315911122725
1xTeslaV100-SXM3-32GB_bs8_fp32,,,,,1.3754381138813636
