,LambdaSAEHD_liae_128_128_64_64,LambdaSAEHD_liae_128_128_64_64_syn,LambdaSAEHD_liae_256_128_64_64,LambdaSAEHD_liae_256_128_64_64_syn,LambdaSAEHD_liae_gan_128_128_64_64,LambdaSAEHD_liae_gan_128_128_64_64_syn,LambdaSAEHD_liae_gan_256_128_64_64,LambdaSAEHD_liae_gan_256_128_64_64_syn
1xQuadroRTX8000,36.0,41.142857142857146,9.0,9.818181818181818,24.0,24.0,4.5,4.695652173913044
2xQuadroRTX8000,57.6,64.0,14.4,15.428571428571429,38.4,38.4,7.448275862068965,8.307692307692308
