,LambdaSAEHD_th_liae_ud_trump_512_256_256_160,LambdaSAEHD_th_liae_ud_trump_512_512_128_128,LambdaSAEHD_th_liae_ud_3_416_288_168_120
1xTeslaV100-SXM3-32GB,0.749999506579272,0.745097552223822,1.461537056214369
2xTeslaV100-SXM3-32GB,1.0805682082615127,1.199999368421385,2.451610926120221
4xTeslaV100-SXM3-32GB,1.7538454792902005,1.7674411754103974,3.662648395994942
8xTeslaV100-SXM3-32GB,0.0,0.0,6.204078467306904
