,LambdaSAEHD_liae_128_128_64_64,LambdaSAEHD_liae_128_128_64_64_syn,LambdaSAEHD_liae_256_128_64_64,LambdaSAEHD_liae_256_128_64_64_syn,LambdaSAEHD_liae_gan_128_128_64_64,LambdaSAEHD_liae_gan_128_128_64_64_syn,LambdaSAEHD_liae_gan_256_128_64_64,LambdaSAEHD_liae_gan_256_128_64_64_syn,LambdaSAEHD_liae_128_256_128_128,LambdaSAEHD_liae_128_256_128_128_syn,LambdaSAEHD_liae_fs_128_128_64_64,LambdaSAEHD_liae_fs_128_128_64_64_syn,LambdaSAEHD_liae_bs_128_128_64_64,LambdaSAEHD_liae_bs_128_128_64_64_syn
1xTeslaV100-SXM3-32GB,47.515151515151516,52.266666666666666,11.09433962264151,11.529411764705882,29.037037037037038,30.745098039215687,5.157894736842105,5.25,15.372549019607844,15.68,37.333333333333336,40.205128205128204,38.24390243902439,40.205128205128204
2xTeslaV100-SXM3-32GB,84.75675675675676,95.03030303030303,18.666666666666668,20.63157894736842,54.06896551724138,56.0,9.483870967741936,10.137931034482758,26.133333333333333,28.509090909090908,69.68888888888888,72.93023255813954,69.68888888888888,76.48780487804878
4xTeslaV100-SXM3-32GB,125.44,165.05263157894737,26.426966292134832,34.08695652173913,84.75675675675676,101.16129032258064,15.272727272727273,17.043478260869566,46.11764705882353,47.515151515151516,108.13793103448276,133.4468085106383,112.0,133.4468085106383
8xTeslaV100-SXM3-32GB,174.22222222222223,250.88,37.039370078740156,54.06896551724138,125.44,147.57647058823528,23.52,28.337349397590362,73.78823529411764,78.4,154.8641975308642,212.61016949152543,154.8641975308642,209.06666666666666
16xTeslaV100-SXM3-32GB,218.15652173913043,358.4,45.014354066985646,84.0,159.79617834394904,212.61016949152543,32.666666666666664,42.95890410958904,107.21367521367522,116.14814814814815,203.96747967479675,325.8181818181818,197.54330708661416,321.64102564102564
