,LambdaSAEHD_liae_128_128_64_64,LambdaSAEHD_liae_gan_128_128_64_64
1xQuadroRTX8000_bs96_fp16,50.82323045158558,34.559861760552955
1xQuadroRTX8000_bs64,44.30735148191168,26.181699174094664
2xQuadroRTX8000_bs96_fp16,63.99976296384087,50.82337993123549
2xQuadroRTX8000_bs64,57.59971200144,38.39987200042667
