,LambdaSAEHD_liae_128_128_64_64,LambdaSAEHD_liae_gan_128_128_64_64
1xQuadroRTX8000_bs128_fp32_amp,63.99983157939057,41.220269118187936
1xQuadroRTX8000_bs64_fp32_amp,55.27247603419985,36.848373186747914
1xQuadroRTX8000_bs64_fp32,40.53319822267259,24.816275885151253
