,LambdaSAEHD_liae_128_128_64_64,LambdaSAEHD_liae_256_128_64_64,LambdaSAEHD_liae_512_128_64_64,LambdaSAEHD_liae_128_128_64_64_syn,LambdaSAEHD_liae_256_128_64_64_syn,LambdaSAEHD_liae_512_128_64_64_syn
1xTeslaV100-SXM3-32GB,633.587328253435,197.99670005499908,32.99972500229165,31680000.0,11880000.0,3960000.0
2xTeslaV100-SXM3-32GB,452.5681959414576,158.39894400703994,25.54830468288812,63360000.0,23760000.0,7920000.0
4xTeslaV100-SXM3-32GB,487.3827408356122,101.10616785921731,20.842077839371264,126720000.0,47520000.0,15840000.0
8xTeslaV100-SXM3-32GB,422.3992960011733,90.51419951028618,20.438696491163554,253440000.0,95040000.0,31680000.0
16xTeslaV100-SXM3-32GB,422.3996480002933,88.40926120499479,21.40539817385197,506880000.0,190080000.0,63360000.0
