,LambdaSAEHD_liae_128_128_64_64,LambdaSAEHD_liae_gan_128_128_64_64
1xQuadroRTX8000_bs128_fp32_amp,90.0737404676279,57.904624036609434
1xQuadroRTX8000_bs64_fp32_amp,75.99952500296874,55.27247603419985
1xQuadroRTX8000_bs64_fp32,45.03687023381395,27.63630082658903
