,LambdaSAEHD_liae_128_128_64_64,LambdaSAEHD_liae_gan_128_128_64_64
1xQuadroRTX8000_bs96_fp16,47.999733334814806,34.559861760552955
1xQuadroRTX8000_bs64_fp32,41.14256326740524,25.043369376654883
2xQuadroRTX8000_bs64_fp32,60.63125983547455,34.9089851242875
2xQuadroRTX8000_bs96_fp16,69.11972352110591,47.99986666703703
